player_name,role,total_runs,total_wickets,matches_played
Dhruv Jurel,Batter,680.0,0.0,35.0
SO Hetmyer,Batter,1488.0,0.0,78.0
MC Henriques,All-Rounder,1000.0,46.0,60.0
V Kohli,Batter,8671.0,0.0,259.0
JM Bairstow,Batter,1674.0,0.0,52.0
MS Gony,Bowler,0.0,39.0,44.0
KH Pandya,All-Rounder,1756.0,97.0,132.0
JP Faulkner,All-Rounder,527.0,76.0,60.0
MM Sharma,All-Rounder,125.0,149.0,119.0
DA Miller,Batter,3077.0,0.0,133.0
KK Cooper,Bowler,0.0,36.0,25.0
Shivam Mavi,Bowler,0.0,33.0,32.0
I Sharma,Bowler,0.0,100.0,117.0
JO Holder,Bowler,0.0,59.0,46.0
G Gambhir,Batter,4217.0,0.0,151.0
M Vohra,Batter,1083.0,0.0,51.0
KK Ahmed,Bowler,0.0,94.0,71.0
Kuldeep Yadav,All-Rounder,201.0,106.0,96.0
A Nehra,Bowler,0.0,121.0,88.0
RP Singh,Bowler,0.0,100.0,82.0
CA Lynn,Batter,1329.0,0.0,42.0
M Vijay,Batter,2619.0,0.0,105.0
M Markande,Bowler,0.0,37.0,37.0
DL Vettori,Bowler,0.0,34.0,34.0
TM Head,Batter,1146.0,0.0,37.0
JM Sharma,Batter,991.0,0.0,47.0
M Muralitharan,Bowler,0.0,67.0,66.0
KC Sangakkara,Batter,1687.0,0.0,68.0
TG Southee,Bowler,0.0,57.0,54.0
RM Patidar,Batter,1111.0,0.0,38.0
RD Gaikwad,Batter,2502.0,0.0,70.0
T Natarajan,Bowler,0.0,77.0,63.0
P Kumar,All-Rounder,340.0,102.0,119.0
AR Patel,All-Rounder,1916.0,137.0,160.0
Mohammed Siraj,Bowler,0.0,112.0,108.0
CH Gayle,Batter,4997.0,0.0,141.0
DR Smith,All-Rounder,2385.0,27.0,88.0
Noor Ahmad,Bowler,0.0,48.0,37.0
S Dube,Batter,1859.0,0.0,75.0
A Kumble,Bowler,0.0,49.0,42.0
MM Ali,All-Rounder,1167.0,46.0,59.0
AS Rajpoot,Bowler,0.0,24.0,29.0
M Prasidh Krishna,Bowler,0.0,80.0,66.0
Mukesh Kumar,Bowler,0.0,45.0,32.0
HH Pandya,All-Rounder,2758.0,84.0,140.0
N Pooran,Batter,2293.0,0.0,86.0
R Tewatia,All-Rounder,1112.0,36.0,76.0
A Nortje,Bowler,0.0,63.0,48.0
RA Tripathi,Batter,2291.0,0.0,98.0
NLTC Perera,All-Rounder,424.0,37.0,36.0
K Gowtham,Bowler,0.0,22.0,35.0
JD Unadkat,Bowler,0.0,121.0,111.0
AD Mathews,All-Rounder,724.0,28.0,44.0
KP Pietersen,Batter,1001.0,0.0,36.0
AB de Villiers,Batter,5181.0,0.0,170.0
SK Raina,All-Rounder,5536.0,30.0,200.0
Shakib Al Hasan,All-Rounder,795.0,71.0,70.0
LR Shukla,Batter,405.0,0.0,33.0
CL White,Batter,971.0,0.0,45.0
AJ Tye,Bowler,0.0,48.0,30.0
CV Varun,Bowler,0.0,102.0,83.0
AT Rayudu,Batter,4348.0,0.0,185.0
AD Russell,All-Rounder,2655.0,133.0,121.0
RD Chahar,Bowler,0.0,76.0,78.0
BA Stokes,All-Rounder,935.0,31.0,43.0
A Symonds,All-Rounder,974.0,23.0,36.0
Ishan Kishan,Batter,2998.0,0.0,112.0
SN Khan,Batter,585.0,0.0,36.0
Ravi Bishnoi,Bowler,0.0,77.0,76.0
Navdeep Saini,Bowler,0.0,26.0,31.0
Gurkeerat Singh,Batter,511.0,0.0,32.0
PA Patel,Batter,2848.0,0.0,136.0
SN Thakur,All-Rounder,325.0,115.0,102.0
MR Marsh,All-Rounder,1292.0,37.0,49.0
Sandeep Sharma,Bowler,0.0,163.0,136.0
GJ Maxwell,All-Rounder,2820.0,45.0,134.0
YS Chahal,Bowler,0.0,229.0,172.0
M Jansen,Bowler,0.0,38.0,35.0
M Manhas,Batter,514.0,0.0,38.0
R Bhatia,All-Rounder,342.0,82.0,91.0
D Padikkal,Batter,1806.0,0.0,74.0
R Parag,Batter,1570.0,0.0,72.0
STR Binny,All-Rounder,880.0,28.0,66.0
CJ Jordan,Bowler,0.0,36.0,34.0
M Pathirana,Bowler,0.0,53.0,32.0
S Sreesanth,Bowler,0.0,43.0,44.0
AK Markram,Batter,1440.0,0.0,55.0
SK Trivedi,Bowler,0.0,73.0,75.0
SE Marsh,Batter,2489.0,0.0,69.0
KM Jadhav,Batter,1208.0,0.0,81.0
ML Hayden,Batter,1107.0,0.0,32.0
R Ashwin,All-Rounder,833.0,205.0,217.0
Rashid Khan,All-Rounder,585.0,166.0,136.0
MM Patel,Bowler,0.0,82.0,63.0
NM Coulter-Nile,Bowler,0.0,52.0,38.0
S Aravind,Bowler,0.0,48.0,38.0
R Vinay Kumar,All-Rounder,310.0,127.0,104.0
ST Jayasuriya,Batter,768.0,0.0,30.0
BB McCullum,Batter,2882.0,0.0,109.0
Shubman Gill,Batter,3866.0,0.0,114.0
Harshit Rana,Bowler,0.0,42.0,32.0
Tilak Varma,Batter,1499.0,0.0,51.0
A Badoni,Batter,963.0,0.0,46.0
DJ Bravo,All-Rounder,1560.0,207.0,158.0
SA Yadav,Batter,4311.0,0.0,151.0
SB Jakati,Bowler,0.0,50.0,57.0
L Balaji,Bowler,0.0,85.0,73.0
S Dhawan,Batter,6769.0,0.0,221.0
V Shankar,Batter,1233.0,0.0,63.0
NV Ojha,Batter,1554.0,0.0,94.0
B Sai Sudharsan,Batter,1793.0,0.0,40.0
MG Johnson,Bowler,0.0,66.0,54.0
KA Pollard,All-Rounder,3437.0,81.0,168.0
VR Iyer,Batter,1468.0,0.0,56.0
Z Khan,Bowler,0.0,119.0,99.0
DT Christian,All-Rounder,460.0,40.0,49.0
GJ Bailey,Batter,663.0,0.0,36.0
RK Singh,Batter,1099.0,0.0,51.0
YBK Jaiswal,Batter,2166.0,0.0,66.0
JP Duminy,All-Rounder,2029.0,23.0,75.0
N Rana,Batter,2853.0,0.0,112.0
MA Agarwal,Batter,2764.0,0.0,125.0
DE Bollinger,Bowler,0.0,43.0,27.0
SPD Smith,Batter,2495.0,0.0,93.0
DL Chahar,Bowler,0.0,91.0,95.0
J Botha,Bowler,0.0,27.0,34.0
AM Nayar,Batter,672.0,0.0,50.0
DJ Hooda,Batter,1497.0,0.0,101.0
MK Lomror,Batter,527.0,0.0,35.0
A Mishra,All-Rounder,381.0,183.0,162.0
PP Shaw,Batter,1892.0,0.0,79.0
M Theekshana,Bowler,0.0,36.0,38.0
PV Tambe,Bowler,0.0,28.0,33.0
H Klaasen,Batter,1480.0,0.0,45.0
Avesh Khan,Bowler,0.0,94.0,75.0
EJG Morgan,Batter,1406.0,0.0,74.0
Harbhajan Singh,All-Rounder,833.0,161.0,160.0
SL Malinga,Bowler,0.0,188.0,122.0
SK Warne,Bowler,0.0,60.0,54.0
MK Tiwary,Batter,1695.0,0.0,83.0
Q de Kock,Batter,3312.0,0.0,115.0
JJ Bumrah,Bowler,0.0,203.0,145.0
MP Stoinis,All-Rounder,2026.0,46.0,99.0
Abhishek Sharma,Batter,1816.0,0.0,74.0
KD Karthik,Batter,4843.0,0.0,233.0
Mohammed Shami,Bowler,0.0,150.0,119.0
PP Ojha,Bowler,0.0,99.0,90.0
Iqbal Abdulla,Bowler,0.0,45.0,48.0
PWH de Silva,Bowler,0.0,47.0,37.0
AC Gilchrist,Batter,2069.0,0.0,80.0
TH David,Batter,846.0,0.0,44.0
RJ Harris,Bowler,0.0,47.0,37.0
TA Boult,Bowler,0.0,151.0,119.0
SV Samson,Batter,4704.0,0.0,171.0
M Morkel,Bowler,0.0,88.0,70.0
RG Sharma,Batter,7048.0,0.0,266.0
Yash Dayal,Bowler,0.0,45.0,43.0
TM Dilshan,Batter,1153.0,0.0,50.0
VG Arora,Bowler,0.0,39.0,32.0
Washington Sundar,All-Rounder,511.0,41.0,63.0
B Lee,Bowler,0.0,30.0,38.0
Imran Tahir,Bowler,0.0,86.0,59.0
Basil Thampi,Bowler,0.0,26.0,25.0
K Rabada,All-Rounder,215.0,128.0,84.0
LS Livingstone,Batter,1051.0,0.0,47.0
RA Jadeja,All-Rounder,3260.0,179.0,225.0
RV Uthappa,Batter,4954.0,0.0,197.0
SS Iyer,Batter,3735.0,0.0,131.0
SR Tendulkar,Batter,2334.0,0.0,78.0
S Badrinath,Batter,1441.0,0.0,65.0
B Kumar,All-Rounder,320.0,213.0,190.0
MK Pandey,Batter,3951.0,0.0,161.0
S Nadeem,Bowler,0.0,54.0,70.0
SR Watson,All-Rounder,3880.0,107.0,141.0
UT Yadav,All-Rounder,208.0,163.0,147.0
DP Nannes,Bowler,0.0,38.0,29.0
Yuvraj Singh,All-Rounder,2754.0,39.0,126.0
Azhar Mahmood,Bowler,0.0,31.0,23.0
LRPL Taylor,Batter,1017.0,0.0,54.0
M Kartik,Bowler,0.0,39.0,55.0
CH Morris,All-Rounder,618.0,107.0,81.0
JR Hazlewood,Bowler,0.0,58.0,39.0
MS Dhoni,Batter,5439.0,0.0,241.0
AJ Finch,Batter,2092.0,0.0,90.0
MJ McClenaghan,Bowler,0.0,75.0,56.0
P Awana,Bowler,0.0,43.0,33.0
S Gopal,Bowler,0.0,53.0,51.0
HV Patel,All-Rounder,270.0,168.0,116.0
LH Ferguson,Bowler,0.0,63.0,49.0
VR Aaron,Bowler,0.0,46.0,50.0
V Sehwag,Batter,2728.0,0.0,104.0
YK Pathan,All-Rounder,3222.0,46.0,153.0
Arshdeep Singh,Bowler,0.0,106.0,81.0
AB Agarkar,Bowler,0.0,33.0,42.0
Harpreet Brar,Bowler,0.0,35.0,46.0
AM Rahane,Batter,5032.0,0.0,183.0
DPMD Jayawardene,Batter,1808.0,0.0,78.0
JA Morkel,All-Rounder,975.0,96.0,87.0
AB Dinda,Bowler,0.0,82.0,75.0
Shahbaz Ahmed,All-Rounder,545.0,22.0,45.0
Shashank Singh,Batter,773.0,0.0,33.0
DS Kulkarni,Bowler,0.0,91.0,92.0
WD Parnell,Bowler,0.0,40.0,33.0
SP Narine,All-Rounder,1780.0,212.0,187.0
R Dhawan,Bowler,0.0,27.0,36.0
Mustafizur Rahman,Bowler,0.0,74.0,60.0
KS Williamson,Batter,2132.0,0.0,76.0
Abdul Samad,Batter,743.0,0.0,51.0
DW Steyn,All-Rounder,167.0,105.0,95.0
F du Plessis,Batter,4773.0,0.0,147.0
M Ashwin,Bowler,0.0,35.0,44.0
KL Rahul,Batter,5235.0,0.0,135.0
HH Gibbs,Batter,886.0,0.0,36.0
R Sharma,Bowler,0.0,42.0,44.0
Suyash Sharma,Bowler,0.0,20.0,27.0
P Simran Singh,Batter,1355.0,0.0,52.0
PD Salt,Batter,1056.0,0.0,34.0
P Negi,All-Rounder,365.0,38.0,42.0
T Stubbs,Batter,711.0,0.0,30.0
WP Saha,Batter,2934.0,0.0,143.0
MJ Santner,Bowler,0.0,26.0,31.0
JC Buttler,Batter,4121.0,0.0,119.0
DJ Hussey,Batter,1322.0,0.0,61.0
Y Venugopal Rao,Batter,985.0,0.0,52.0
Harmeet Singh,Bowler,0.0,31.0,28.0
Mandeep Singh,Batter,1706.0,0.0,97.0
PP Chawla,All-Rounder,624.0,201.0,191.0
SC Ganguly,Batter,1349.0,0.0,56.0
JC Archer,All-Rounder,262.0,61.0,52.0
TL Suman,Batter,676.0,0.0,39.0
MA Starc,Bowler,0.0,78.0,50.0
N Wadhera,Batter,719.0,0.0,31.0
DA Warner,Batter,6567.0,0.0,184.0
PJ Cummins,All-Rounder,612.0,82.0,72.0
JH Kallis,All-Rounder,2427.0,74.0,95.0
KK Nair,Batter,1694.0,0.0,76.0
IK Pathan,All-Rounder,1150.0,99.0,101.0
R Dravid,Batter,2174.0,0.0,82.0
MS Bisla,Batter,798.0,0.0,39.0
PJ Sangwan,Bowler,0.0,44.0,42.0
BJ Hodge,Batter,1400.0,0.0,63.0
M Shahrukh Khan,Batter,732.0,0.0,48.0
TU Deshpande,Bowler,0.0,55.0,46.0
SM Curran,All-Rounder,997.0,63.0,63.0
RR Pant,Batter,3566.0,0.0,123.0
S Kaul,Bowler,0.0,63.0,55.0
SS Tiwary,Batter,1494.0,0.0,73.0
MEK Hussey,Batter,1977.0,0.0,58.0
KV Sharma,All-Rounder,352.0,89.0,87.0
